name,itemType,shellfish,egg,fish,dairy,molluscs,mustard,peanuts,sesame,soy,sulphites,treeNuts,wheat,gluten,vegetarian,vegan,Image
Baked Garlic Shrimp,STARTERS,2,2,2,2,0,0,0,2,2,0,0,2,2,2,2,https://storage.googleapis.com/glide-prod.appspot.com/uploads-v2/8qfuvNZ74kdpLjkxRDfw/pub/Pt0sJyiZ1fUSZOtHcrZi.png
Calamari,STARTERS,2,0,0,2,2,0,0,0,0,2,0,2,0,2,2,https://storage.googleapis.com/glide-prod.appspot.com/uploads-v2/8qfuvNZ74kdpLjkxRDfw/pub/ReRFJmhqUas0n3znaZFl.png
Crab Cakes,STARTERS,2,2,0,2,0,2,0,2,2,0,0,2,2,2,2,https://storage.googleapis.com/glide-prod.appspot.com/uploads-v2/8qfuvNZ74kdpLjkxRDfw/pub/AGFbw57opQhl5waWF9X6.png
Crispy Fried Cauliflower,STARTERS,0,2,0,2,0,2,0,2,2,2,0,2,0,0,2,https://storage.googleapis.com/glide-prod.appspot.com/uploads-v2/8qfuvNZ74kdpLjkxRDfw/pub/dFigfCYxCe4EPZa15vWL.png
Escargot,STARTERS,0,2,2,2,2,2,0,0,2,2,0,2,2,2,2,https://storage.googleapis.com/glide-prod.appspot.com/uploads-v2/8qfuvNZ74kdpLjkxRDfw/pub/OQ3YPUsR8TIv94ZhLEsR.png
Gruyère Mushroom Dip,STARTERS,0,2,0,2,0,0,0,0,0,0,0,2,0,0,2,https://storage.googleapis.com/glide-prod.appspot.com/uploads-v2/8qfuvNZ74kdpLjkxRDfw/pub/t9Cg7o2mlHSAg0e83yO9.png
Garlic Cheese Toast,STARTERS,0,2,0,2,0,0,0,0,0,0,0,2,2,0,2,https://storage.googleapis.com/glide-prod.appspot.com/uploads-v2/8qfuvNZ74kdpLjkxRDfw/pub/KFjj4KcJYvhRse7XbQkR.png
Mushrooms Neptune,STARTERS,2,2,2,2,0,0,0,0,2,2,0,2,2,2,2,https://storage.googleapis.com/glide-prod.appspot.com/uploads-v2/8qfuvNZ74kdpLjkxRDfw/pub/tohwH0b2qmAVpNkjhpsb.png
Scallops & Bacon,STARTERS,2,0,0,0,2,0,0,0,0,2,0,0,0,2,2,https://storage.googleapis.com/glide-prod.appspot.com/uploads-v2/8qfuvNZ74kdpLjkxRDfw/pub/L7BvT1i5Y6NxVSLmhLVr.png
Shrimp Cocktail,STARTERS,2,0,0,0,0,0,0,0,0,2,0,0,0,2,2,https://storage.googleapis.com/glide-prod.appspot.com/uploads-v2/8qfuvNZ74kdpLjkxRDfw/pub/TmcUPk0qPSke9P9VSYsz.png
Three Pepper Wings,STARTERS,0,2,2,2,0,2,0,0,2,2,0,2,0,2,2,https://storage.googleapis.com/glide-prod.appspot.com/uploads-v2/8qfuvNZ74kdpLjkxRDfw/pub/owjgbnPjaSNQqtywHsWA.png
Tuna Tartare,STARTERS,0,2,2,0,0,0,0,2,2,0,0,2,0,2,2,https://storage.googleapis.com/glide-prod.appspot.com/uploads-v2/8qfuvNZ74kdpLjkxRDfw/pub/5g9HYzO2kafZDjDww99k.png
Table Bread with Butter,STARTERS,0,0,0,2,0,2,0,0,2,0,0,2,2,2,2,https://storage.googleapis.com/glide-prod.appspot.com/uploads-v2/8qfuvNZ74kdpLjkxRDfw/pub/fGMdEa6hqgJDyAqzaPZd.png
Keg Caesar,SALADS + SOUP,0,2,2,2,0,0,0,0,2,0,0,2,0,2,2,https://storage.googleapis.com/glide-prod.appspot.com/uploads-v2/8qfuvNZ74kdpLjkxRDfw/pub/8JTW1N7mWrayPYtXHmnj.png
Iceberg Wedge Salad with Blue Cheese,SALADS + SOUP,0,2,0,2,0,2,0,0,0,0,0,0,0,2,2,https://storage.googleapis.com/glide-prod.appspot.com/uploads-v2/8qfuvNZ74kdpLjkxRDfw/pub/NNVp2J4hIeL1ks9dJCpe.png
Iceberg Wedge Salad with Ranch,SALADS + SOUP,0,0,0,2,0,0,0,0,0,0,0,0,0,2,2,https://storage.googleapis.com/glide-prod.appspot.com/uploads-v2/8qfuvNZ74kdpLjkxRDfw/pub/X9nQfWmxGU8gSYpRNV0H.png
Mixed Greens,SALADS + SOUP,0,0,0,0,0,2,0,0,0,0,0,0,0,0,0,https://storage.googleapis.com/glide-prod.appspot.com/uploads-v2/8qfuvNZ74kdpLjkxRDfw/pub/dNouB3zyBUjj1Oy1TKFU.png
French Onion Soup,SALADS + SOUP,0,0,0,2,0,0,0,0,2,2,0,2,2,2,2,https://storage.googleapis.com/glide-prod.appspot.com/uploads-v2/8qfuvNZ74kdpLjkxRDfw/pub/vywp3h5h0B568O3eTcVw.png
Lobster Bisque,SALADS + SOUP,2,0,0,2,0,0,0,0,2,2,0,2,2,2,2,https://storage.googleapis.com/glide-prod.appspot.com/uploads-v2/8qfuvNZ74kdpLjkxRDfw/pub/vz6eKx90GQFmTfG8uS4B.png
Prime Rib 10 oz,KEG STEAKS + PRIME RIB,0,0,0,2,0,0,0,0,2,2,0,2,0,2,2,https://storage.googleapis.com/glide-prod.appspot.com/uploads-v2/8qfuvNZ74kdpLjkxRDfw/pub/AEKPsrI2S4Z0E8YaWTPl.png
Prime Rib 14 oz,KEG STEAKS + PRIME RIB,0,0,0,2,0,0,0,0,2,2,0,2,0,2,2,https://storage.googleapis.com/glide-prod.appspot.com/uploads-v2/8qfuvNZ74kdpLjkxRDfw/pub/YzJpRiTYR23VTJ1DJb6A.png
Prime Rib 18 oz,KEG STEAKS + PRIME RIB,0,0,0,2,0,0,0,0,2,2,0,2,0,2,2,https://storage.googleapis.com/glide-prod.appspot.com/uploads-v2/8qfuvNZ74kdpLjkxRDfw/pub/J8B4Lm0Igchq9zjx8znI.png
Top sirloin 6 oz,KEG STEAKS + PRIME RIB,0,0,0,0,0,0,0,0,0,0,0,0,0,2,2,https://storage.googleapis.com/glide-prod.appspot.com/uploads-v2/8qfuvNZ74kdpLjkxRDfw/pub/LErv1Zlf7xEGmDSykFCd.png
Top Sirloin 8 oz,KEG STEAKS + PRIME RIB,0,0,0,0,0,0,0,0,0,0,0,0,0,2,2,https://storage.googleapis.com/glide-prod.appspot.com/uploads-v2/8qfuvNZ74kdpLjkxRDfw/pub/T3ZZmQaOswdz6PVyzzl7.png
Top Sirloin 12 oz,KEG STEAKS + PRIME RIB,0,0,0,0,0,0,0,0,0,0,0,0,0,2,2,https://storage.googleapis.com/glide-prod.appspot.com/uploads-v2/8qfuvNZ74kdpLjkxRDfw/pub/cC5b1PffsshbrgCM7GnX.png
Filet Mignon 7 oz,KEG STEAKS + PRIME RIB,0,2,0,2,0,0,0,0,0,0,0,0,0,2,2,https://storage.googleapis.com/glide-prod.appspot.com/uploads-v2/8qfuvNZ74kdpLjkxRDfw/pub/E7LDva8mMcVosZY1Zf7E.png
Filet Mignon 10 oz,KEG STEAKS + PRIME RIB,0,2,0,2,0,0,0,0,0,0,0,0,0,2,2,https://storage.googleapis.com/glide-prod.appspot.com/uploads-v2/8qfuvNZ74kdpLjkxRDfw/pub/kvL3DJ0tCKY4bUMSZjRo.png
Teriyaki Sirloin 8 oz,KEG STEAKS + PRIME RIB,0,0,0,0,0,0,0,0,2,2,0,2,0,2,2,https://storage.googleapis.com/glide-prod.appspot.com/uploads-v2/8qfuvNZ74kdpLjkxRDfw/pub/gFQKvuei6znKdCEHEFK7.png
Rib Steak (bone-in) 20 oz,KEG STEAKS + PRIME RIB,0,0,0,2,0,0,0,0,0,0,0,0,0,2,2,https://storage.googleapis.com/glide-prod.appspot.com/uploads-v2/8qfuvNZ74kdpLjkxRDfw/pub/gSuE40Wtryy0vxAqJiju.png
New York Striploin 12 oz,KEG STEAKS + PRIME RIB,0,0,0,0,0,0,0,0,0,0,0,0,0,2,2,https://storage.googleapis.com/glide-prod.appspot.com/uploads-v2/8qfuvNZ74kdpLjkxRDfw/pub/9IYnXN782n5kM1pG5Mx7.png
Baseball Top Sirloin 12 oz,KEG STEAKS + PRIME RIB,0,0,0,0,0,0,0,0,0,0,0,0,0,2,2,https://storage.googleapis.com/glide-prod.appspot.com/uploads-v2/8qfuvNZ74kdpLjkxRDfw/pub/7z4tuZZNAzNpQ2KfE4PO.png
Blue Cheese Filet 7 oz,KEG STEAKS + PRIME RIB,0,2,0,2,0,2,0,0,0,0,0,2,0,2,2,https://storage.googleapis.com/glide-prod.appspot.com/uploads-v2/8qfuvNZ74kdpLjkxRDfw/pub/p4mi3uGFdzBhAcOHFqvl.png
Blue Cheese Filet 10 oz,KEG STEAKS + PRIME RIB,0,2,0,2,0,2,0,0,0,0,0,2,0,2,2,https://storage.googleapis.com/glide-prod.appspot.com/uploads-v2/8qfuvNZ74kdpLjkxRDfw/pub/4tEVHGPoifhIIfEhZ2Zn.png
Peppercorn New York 12 oz,KEG STEAKS + PRIME RIB,0,0,0,2,0,2,0,0,2,2,0,2,0,2,2,https://storage.googleapis.com/glide-prod.appspot.com/uploads-v2/8qfuvNZ74kdpLjkxRDfw/pub/hN6j8CTOTK007UvxSnZ8.png
Sirloin Oscar 8 oz,KEG STEAKS + PRIME RIB,2,2,0,2,2,0,0,0,0,0,0,0,0,2,2,https://storage.googleapis.com/glide-prod.appspot.com/uploads-v2/8qfuvNZ74kdpLjkxRDfw/pub/Q5IH8aWgEaanZMg7zgFk.png
Sirloin Oscar 6 oz,KEG STEAKS + PRIME RIB,2,2,0,2,2,0,0,0,0,0,0,0,0,2,2,https://storage.googleapis.com/glide-prod.appspot.com/uploads-v2/8qfuvNZ74kdpLjkxRDfw/pub/M9RMGhAvmmiSQRTWIoCn.png
Steak + Crab Cake 8 oz,KEG STEAKS + PRIME RIB,2,2,0,2,0,2,0,2,2,0,0,2,2,2,2,https://storage.googleapis.com/glide-prod.appspot.com/uploads-v2/8qfuvNZ74kdpLjkxRDfw/pub/U1SLlanQ84GFSa36HZWq.png
Steak & Shrimp 6 oz,STEAK + SEAFOOD,2,0,2,2,0,0,0,0,2,0,0,0,0,2,2,https://storage.googleapis.com/glide-prod.appspot.com/uploads-v2/8qfuvNZ74kdpLjkxRDfw/pub/AfQEmXzPw7KLHCg35Ae8.png
Steak & Shrimp 8 oz,STEAK + SEAFOOD,2,0,2,2,0,0,0,0,2,0,0,0,0,2,2,https://storage.googleapis.com/glide-prod.appspot.com/uploads-v2/8qfuvNZ74kdpLjkxRDfw/pub/kbJw0NiTpNh5tzgNzGsg.png
Steak & Lobster 6 oz,STEAK + SEAFOOD,2,0,0,2,0,0,0,0,0,0,0,0,0,2,2,https://storage.googleapis.com/glide-prod.appspot.com/uploads-v2/8qfuvNZ74kdpLjkxRDfw/pub/S87sxT66TB4lvx3wcxph.png
Steak & Lobster 8 oz,STEAK + SEAFOOD,2,0,0,2,0,0,0,0,0,0,0,0,0,2,2,https://storage.googleapis.com/glide-prod.appspot.com/uploads-v2/8qfuvNZ74kdpLjkxRDfw/pub/Yi1yJZ0JLZHFytilCQU7.png
Mushroom Rice,ACCOMPANIMENTS,0,0,0,0,0,0,0,0,0,0,0,0,0,0,2,https://storage.googleapis.com/glide-prod.appspot.com/uploads-v2/8qfuvNZ74kdpLjkxRDfw/pub/U3MjibFDPfVYcEg3bDW7.png
Baked Potato,ACCOMPANIMENTS,0,0,0,0,0,0,0,0,0,0,0,0,0,0,0,https://storage.googleapis.com/glide-prod.appspot.com/uploads-v2/8qfuvNZ74kdpLjkxRDfw/pub/QHj6ZJGoUYCN8HrpjAEY.png
Baked Potato with Butter,ACCOMPANIMENTS,0,0,0,2,0,0,0,0,0,0,0,0,0,2,2,https://storage.googleapis.com/glide-prod.appspot.com/uploads-v2/8qfuvNZ74kdpLjkxRDfw/pub/GRaWy4puogMqsejvO7Yd.png
Baked Potato with Sour Cream,ACCOMPANIMENTS,0,0,0,2,0,0,0,0,0,0,0,0,0,2,2,https://storage.googleapis.com/glide-prod.appspot.com/uploads-v2/8qfuvNZ74kdpLjkxRDfw/pub/3xH6WM0aVp1B6VclUDxN.png
Baked Potato with 3-Cheese Spread,ACCOMPANIMENTS,0,0,0,2,0,2,0,0,2,0,0,0,0,2,2,https://storage.googleapis.com/glide-prod.appspot.com/uploads-v2/8qfuvNZ74kdpLjkxRDfw/pub/PwRRldHlYAEbmodcSJcQ.png
Baked Potato Works,ACCOMPANIMENTS,0,0,0,2,0,0,0,0,0,0,0,0,0,2,2,https://storage.googleapis.com/glide-prod.appspot.com/uploads-v2/8qfuvNZ74kdpLjkxRDfw/pub/v3wJIPWueT4DqUYbzLXp.png
Cauliflower Mash,ACCOMPANIMENTS,0,0,0,0,0,0,0,0,0,0,0,0,0,0,0,https://storage.googleapis.com/glide-prod.appspot.com/uploads-v2/8qfuvNZ74kdpLjkxRDfw/pub/22fFDUE6QkQzTgXOKEOh.png
Keg Fries,ACCOMPANIMENTS,0,0,0,0,0,0,0,0,0,0,0,0,0,0,0,https://storage.googleapis.com/glide-prod.appspot.com/uploads-v2/8qfuvNZ74kdpLjkxRDfw/pub/JDOUrFhI1i8IzgXHJydd.png
Sautéed Vegetables,ACCOMPANIMENTS,0,0,0,2,0,0,0,0,0,0,0,0,0,0,2,https://storage.googleapis.com/glide-prod.appspot.com/uploads-v2/8qfuvNZ74kdpLjkxRDfw/pub/6ObgaaBnuLmxV92xcmGL.png
Garlic Mashed Potatoes,ACCOMPANIMENTS,0,0,0,2,0,0,0,0,2,0,0,0,0,0,2,https://storage.googleapis.com/glide-prod.appspot.com/uploads-v2/8qfuvNZ74kdpLjkxRDfw/pub/SHhFFxJin557S8w1SwgX.png
Sautéed Mixed Mushrooms,ACCOMPANIMENTS,0,0,0,2,0,0,0,0,0,0,0,0,0,0,2,https://storage.googleapis.com/glide-prod.appspot.com/uploads-v2/8qfuvNZ74kdpLjkxRDfw/pub/C42bRnGDzu30spMU9Jqv.png
Twice Baked Potato,ACCOMPANIMENTS,0,0,0,2,0,0,0,0,2,0,0,0,0,2,2,https://storage.googleapis.com/glide-prod.appspot.com/uploads-v2/8qfuvNZ74kdpLjkxRDfw/pub/ISRztL849Fz6n6qLRJoO.png
Grilled Seasonal Vegetables - Zucchini & Red Peppers,ACCOMPANIMENTS,0,0,0,0,0,0,0,0,0,0,0,0,0,2,2,https://storage.googleapis.com/glide-prod.appspot.com/uploads-v2/8qfuvNZ74kdpLjkxRDfw/pub/PbNReiwIkpm4afp57W78.png
KEG Mac & Cheese,SHAREABLE SIDES,0,0,0,2,0,0,0,0,0,0,0,2,0,0,2,https://storage.googleapis.com/glide-prod.appspot.com/uploads-v2/8qfuvNZ74kdpLjkxRDfw/pub/WvRpbwxLYm8KjEIhN1zI.png
Caesar Brussels Sprouts,SHAREABLE SIDES,0,2,2,2,0,0,0,0,2,2,0,2,2,2,2,https://storage.googleapis.com/glide-prod.appspot.com/uploads-v2/8qfuvNZ74kdpLjkxRDfw/pub/QC01UL5gyuY7VAio9DRB.png
Parmesan Onion Rings,SHAREABLE SIDES,0,2,0,2,0,0,0,0,0,2,0,2,0,0,2,https://storage.googleapis.com/glide-prod.appspot.com/uploads-v2/8qfuvNZ74kdpLjkxRDfw/pub/aJ8IxAfXnaAiidlBY4gL.png
Prime Rib 10 oz,KEG Classics ,0,0,0,2,0,0,0,0,2,2,0,0,0,2,2,https://storage.googleapis.com/glide-prod.appspot.com/uploads-v2/8qfuvNZ74kdpLjkxRDfw/pub/Mh4Lu9kgGJT4czdRbZct.png
Filet Mignon 7 oz,KEG Classics ,0,2,0,2,0,0,0,0,0,0,0,0,0,2,2,https://storage.googleapis.com/glide-prod.appspot.com/uploads-v2/8qfuvNZ74kdpLjkxRDfw/pub/w18vbxCNU7agSxH7Ehf1.png
Teriyaki Sirloin 8 oz,KEG Classics ,0,0,0,2,0,0,0,0,2,2,0,2,0,2,2,https://storage.googleapis.com/glide-prod.appspot.com/uploads-v2/8qfuvNZ74kdpLjkxRDfw/pub/nSZfNAOyyeTpAP1oTOqS.png
Top Sirloin 6 oz,KEG Classics ,0,0,0,2,0,0,0,0,0,0,0,0,0,2,2,https://storage.googleapis.com/glide-prod.appspot.com/uploads-v2/8qfuvNZ74kdpLjkxRDfw/pub/PWUdUHQnWVjJpco76u34.png
Top Sirloin 8 oz,KEG Classics ,0,0,0,2,0,0,0,0,0,0,0,0,0,2,2,https://storage.googleapis.com/glide-prod.appspot.com/uploads-v2/8qfuvNZ74kdpLjkxRDfw/pub/7vL7ROXwhLIWsHmbcvVn.png
Baseball Top Sirloin 12 oz,KEG Classics ,0,0,0,2,0,0,0,0,0,0,0,0,0,2,2,https://storage.googleapis.com/glide-prod.appspot.com/uploads-v2/8qfuvNZ74kdpLjkxRDfw/pub/aUklcSKLeaRJe1DtYSrB.png
New York Striploin 12 oz,KEG Classics ,0,0,0,2,0,0,0,0,0,0,0,0,0,2,2,https://storage.googleapis.com/glide-prod.appspot.com/uploads-v2/8qfuvNZ74kdpLjkxRDfw/pub/w5zA2CgnKsnznOwR6lgD.png
Add Béarnaise to Any Steak,ADD TO YOUR MEAL,0,2,0,2,0,0,0,0,0,0,0,0,0,0,2,https://storage.googleapis.com/glide-prod.appspot.com/uploads-v2/8qfuvNZ74kdpLjkxRDfw/pub/cuKFdBoOSVJWQtMN1q2h.png
Add Blue Cheese Crust to Any Steak,ADD TO YOUR MEAL,0,2,0,2,0,2,0,0,0,0,0,2,0,2,2,https://storage.googleapis.com/glide-prod.appspot.com/uploads-v2/8qfuvNZ74kdpLjkxRDfw/pub/orwcwJGXojCIMoieuObA.png
Add Confit Garlic Butter to Any Steak,ADD TO YOUR MEAL,0,0,0,2,0,0,0,0,0,2,0,0,0,0,2,https://storage.googleapis.com/glide-prod.appspot.com/uploads-v2/8qfuvNZ74kdpLjkxRDfw/pub/rzzDnJ750AWpF9Fzhhs5.png
Add Lobster Tail to Any Steak,ADD TO YOUR MEAL,2,0,0,2,0,0,0,0,0,0,0,0,0,2,2,https://storage.googleapis.com/glide-prod.appspot.com/uploads-v2/8qfuvNZ74kdpLjkxRDfw/pub/I9iv2rm6fYs1KmJ54udc.png
Add Shrimp Skewer to Any Steak,ADD TO YOUR MEAL,2,0,2,2,0,0,0,0,2,0,0,0,0,2,2,https://storage.googleapis.com/glide-prod.appspot.com/uploads-v2/8qfuvNZ74kdpLjkxRDfw/pub/A0Zt5e8GPSLo0bcil29Q.png
Add Whiskey Peppercorn to Any Steak,ADD TO YOUR MEAL,0,0,0,2,0,2,0,0,2,2,0,2,0,2,2,https://storage.googleapis.com/glide-prod.appspot.com/uploads-v2/8qfuvNZ74kdpLjkxRDfw/pub/YYFZjNU6rLZXImRWzQs5.png
Add Shrimp & Scallop Oscar,ADD TO YOUR MEAL,2,2,0,2,2,0,0,0,0,0,0,0,0,2,2,https://storage.googleapis.com/glide-prod.appspot.com/uploads-v2/8qfuvNZ74kdpLjkxRDfw/pub/NfO8H2JNWpW6OQXn1Cpt.png
Add Crab Cake to Any Steak,ADD TO YOUR MEAL,2,2,0,2,0,2,0,2,2,0,0,2,2,2,2,https://storage.googleapis.com/glide-prod.appspot.com/uploads-v2/8qfuvNZ74kdpLjkxRDfw/pub/EP4dZR33lO6xmpE4h2tR.png
Blackened Chicken,MAINS,0,0,0,2,0,0,0,0,2,2,0,0,0,2,2,https://storage.googleapis.com/glide-prod.appspot.com/uploads-v2/8qfuvNZ74kdpLjkxRDfw/pub/n9IEyqKHnaBSk9fHNBp3.png
BBQ Pork Ribs - 1/2 rack,MAINS,0,0,0,2,0,2,0,0,2,0,0,2,0,2,2,https://storage.googleapis.com/glide-prod.appspot.com/uploads-v2/8qfuvNZ74kdpLjkxRDfw/pub/j8gwJ34r8PQjrnF0R7Bl.png
BBQ Pork Ribs - full rack,MAINS,0,0,0,2,0,2,0,0,2,0,0,2,0,2,2,https://storage.googleapis.com/glide-prod.appspot.com/uploads-v2/8qfuvNZ74kdpLjkxRDfw/pub/wn8MOiUU48KlDFELszwI.png
Keg Burger,MAINS,0,2,0,2,0,2,0,0,2,2,0,2,2,2,2,https://storage.googleapis.com/glide-prod.appspot.com/uploads-v2/8qfuvNZ74kdpLjkxRDfw/pub/zXpzAVHIgsRHeHvPUT2w.png
Vegetarian Meatloaf,MAINS,0,0,0,0,0,0,0,2,2,2,0,2,2,0,0,https://storage.googleapis.com/glide-prod.appspot.com/uploads-v2/8qfuvNZ74kdpLjkxRDfw/pub/ePi9QLPw3pOuruSpsnvD.png
Vegan Shepherd's Pie,MAINS,0,0,0,0,0,2,0,0,2,2,0,2,0,0,0,https://storage.googleapis.com/glide-prod.appspot.com/uploads-v2/8qfuvNZ74kdpLjkxRDfw/pub/2JjQ3ZJCuMtx0WdGRg2N.png
Pistachio Crusted Salmon,MAINS,0,0,2,2,0,0,0,0,2,0,2,0,0,2,2,https://storage.googleapis.com/glide-prod.appspot.com/uploads-v2/8qfuvNZ74kdpLjkxRDfw/pub/xwHP1mpm8HPmPcaQ7s5f.png
Lobster Tail Dinner,MAINS,2,0,0,2,0,0,0,0,0,0,0,0,0,2,2,https://storage.googleapis.com/glide-prod.appspot.com/uploads-v2/8qfuvNZ74kdpLjkxRDfw/pub/TFVSCRe42266U8W7kqK9.png
Prime Rib Sandwich,MAINS,0,2,2,2,0,0,0,0,2,2,0,2,2,2,2,https://storage.googleapis.com/glide-prod.appspot.com/uploads-v2/8qfuvNZ74kdpLjkxRDfw/pub/21MaYQ93ZXI7lWXHuQzE.png
Steak Sandwich,MAINS,0,2,2,2,0,0,0,0,2,2,0,2,2,2,2,https://storage.googleapis.com/glide-prod.appspot.com/uploads-v2/8qfuvNZ74kdpLjkxRDfw/pub/RnPL724eSVPO0TzDGKGn.png
Three Pepper Wings,CASUAL PLATES + BAR SNACKS,0,2,2,2,0,2,0,0,2,2,0,2,0,2,2,https://storage.googleapis.com/glide-prod.appspot.com/uploads-v2/8qfuvNZ74kdpLjkxRDfw/pub/wczuON0MEnIlVkyMZkUh.png
Shrimp Cocktail,CASUAL PLATES + BAR SNACKS,2,0,0,0,0,0,0,0,0,2,0,0,0,2,2,https://storage.googleapis.com/glide-prod.appspot.com/uploads-v2/8qfuvNZ74kdpLjkxRDfw/pub/0jZtz4fPzVgzRFzZfNBH.png
Calamari,CASUAL PLATES + BAR SNACKS,2,0,0,2,2,0,0,0,0,2,0,2,0,2,2,https://storage.googleapis.com/glide-prod.appspot.com/uploads-v2/8qfuvNZ74kdpLjkxRDfw/pub/QSb92f3nUL06Ltb1Ljy5.png
Loaded Nachos - Cheese,CASUAL PLATES + BAR SNACKS,0,0,0,2,0,0,0,0,0,0,0,0,0,2,2,https://storage.googleapis.com/glide-prod.appspot.com/uploads-v2/8qfuvNZ74kdpLjkxRDfw/pub/TQUG68z8EdtSEqFlX1Rj.png
Loaded Nachos - Chicken,CASUAL PLATES + BAR SNACKS,0,0,0,2,0,0,0,0,0,0,0,0,0,2,2,https://storage.googleapis.com/glide-prod.appspot.com/uploads-v2/8qfuvNZ74kdpLjkxRDfw/pub/qhPKxE1SBcvNPKEnZpHA.png
Loaded Nachos - Beef,CASUAL PLATES + BAR SNACKS,0,0,0,2,0,0,0,0,0,0,0,0,0,2,2,https://storage.googleapis.com/glide-prod.appspot.com/uploads-v2/8qfuvNZ74kdpLjkxRDfw/pub/nWdoc2noDlXbbOz0K6Gm.png
Prime Rib Sandwich,CASUAL PLATES + BAR SNACKS,0,2,2,2,0,0,0,0,2,2,0,2,2,2,2,https://storage.googleapis.com/glide-prod.appspot.com/uploads-v2/8qfuvNZ74kdpLjkxRDfw/pub/oBWA1PV4h0N2Ru4quM9D.png
Prime Rib Sliders,CASUAL PLATES + BAR SNACKS,0,2,0,2,0,2,0,0,2,2,0,2,2,2,2,https://storage.googleapis.com/glide-prod.appspot.com/uploads-v2/8qfuvNZ74kdpLjkxRDfw/pub/bPcWesk0hc6CRECN61io.png
Keg Burger,CASUAL PLATES + BAR SNACKS,0,2,0,2,0,2,0,0,2,2,0,2,2,2,2,https://storage.googleapis.com/glide-prod.appspot.com/uploads-v2/8qfuvNZ74kdpLjkxRDfw/pub/2CcjoEVmP5zm21ZsOAYy.png
Garlic Cheese Toast,CASUAL PLATES + BAR SNACKS,0,2,0,2,0,0,0,0,0,0,0,2,2,2,2,https://storage.googleapis.com/glide-prod.appspot.com/uploads-v2/8qfuvNZ74kdpLjkxRDfw/pub/f9HN1DzIKIJxGK9jvHt8.png
Parmesan Potato Puffs,CASUAL PLATES + BAR SNACKS,0,2,0,2,0,0,0,0,0,2,0,0,0,2,2,https://storage.googleapis.com/glide-prod.appspot.com/uploads-v2/8qfuvNZ74kdpLjkxRDfw/pub/ap1UujzJIJFNKstyAJQ8.png
Kids Burger,KIDS,0,2,0,2,0,0,0,0,2,0,0,2,2,2,2,https://storage.googleapis.com/glide-prod.appspot.com/uploads-v2/8qfuvNZ74kdpLjkxRDfw/pub/7kx2TkwmAT3TjtX1Zae7.png
Kids Chicken Strips,KIDS,0,0,0,0,0,0,0,0,2,0,0,2,0,2,2,https://storage.googleapis.com/glide-prod.appspot.com/uploads-v2/8qfuvNZ74kdpLjkxRDfw/pub/rIVMWXlNyacUyj4E4uRi.png
Kids Cheesy Noodles,KIDS,0,0,0,2,0,0,0,0,0,0,0,2,0,2,2,https://storage.googleapis.com/glide-prod.appspot.com/uploads-v2/8qfuvNZ74kdpLjkxRDfw/pub/glfKKXvn2DFJfSliVQU4.png
Kids Sirloin - 6 oz,KIDS,0,0,0,0,0,0,0,0,0,0,0,0,0,2,2,https://storage.googleapis.com/glide-prod.appspot.com/uploads-v2/8qfuvNZ74kdpLjkxRDfw/pub/5a78gSM5sUABHW7jo1Ly.png
Kids Plate,KIDS,0,0,0,2,0,0,0,0,2,0,0,2,0,2,2,https://storage.googleapis.com/glide-prod.appspot.com/uploads-v2/8qfuvNZ74kdpLjkxRDfw/pub/M23EvZuFDkZ6zSlV7Mdh.png
Kids Keg Fries,KIDS,0,0,0,0,0,0,0,0,0,0,0,0,0,2,2,https://storage.googleapis.com/glide-prod.appspot.com/uploads-v2/8qfuvNZ74kdpLjkxRDfw/pub/auGC7VlvU6495OVeomXC.png
Kids Sautéed Vegetables,KIDS,0,0,0,2,0,0,0,0,0,0,0,0,0,2,2,https://storage.googleapis.com/glide-prod.appspot.com/uploads-v2/8qfuvNZ74kdpLjkxRDfw/pub/jbcg6NpV4nHmO9QxOAoT.png
Kids Caesar Salad,KIDS,0,2,2,2,0,0,0,0,2,0,0,2,0,2,2,https://storage.googleapis.com/glide-prod.appspot.com/uploads-v2/8qfuvNZ74kdpLjkxRDfw/pub/S6nRs6oIYl2niWdOoyVy.png
Kids Ice Cream - Plain,KIDS,0,0,0,2,0,0,0,0,0,2,0,0,0,2,2,https://storage.googleapis.com/glide-prod.appspot.com/uploads-v2/8qfuvNZ74kdpLjkxRDfw/pub/EkyOpjgZIQA9yacawgAk.png
Kids Ice Cream w/ Caramel Sauce,KIDS,0,0,0,2,0,0,0,0,0,2,0,0,0,2,2,https://storage.googleapis.com/glide-prod.appspot.com/uploads-v2/8qfuvNZ74kdpLjkxRDfw/pub/9dQ1zaAZlMaODUrtLH1O.png
Kids Ice Cream w/ Chocolate Sauce,KIDS,0,0,0,2,0,0,0,0,0,2,0,0,0,2,2,https://storage.googleapis.com/glide-prod.appspot.com/uploads-v2/8qfuvNZ74kdpLjkxRDfw/pub/dA0uyxUjtPpOlfen6fV6.png
Kids Smoothie Burst of Berry,KIDS,0,0,0,2,0,0,0,0,0,0,0,0,0,2,2,https://storage.googleapis.com/glide-prod.appspot.com/uploads-v2/8qfuvNZ74kdpLjkxRDfw/pub/UKqIEdTIiTCtN045rIRe.png
Kids Smoothie Just Peachy,KIDS,0,0,0,2,0,0,0,0,0,0,0,0,0,2,2,https://storage.googleapis.com/glide-prod.appspot.com/uploads-v2/8qfuvNZ74kdpLjkxRDfw/pub/QaU2G2ZhqKJdNP7RUe4n.png
Billy Miner Pie,DESSERT,0,0,0,2,0,0,0,0,2,0,2,2,2,2,2,https://storage.googleapis.com/glide-prod.appspot.com/uploads-v2/8qfuvNZ74kdpLjkxRDfw/pub/pd63ruQImI0lqMxI9JDn.png
Cheesecake - Plain,DESSERT,0,2,0,2,0,0,0,0,2,0,0,2,0,2,2,https://storage.googleapis.com/glide-prod.appspot.com/uploads-v2/8qfuvNZ74kdpLjkxRDfw/pub/1dO4msYepapflY6PHuor.png
Cheesecake with Raspberry Coulis,DESSERT,0,2,0,2,0,0,0,0,2,0,0,2,0,2,2,https://storage.googleapis.com/glide-prod.appspot.com/uploads-v2/8qfuvNZ74kdpLjkxRDfw/pub/fzKKzq8lYNXriiHQPegf.png
Mile High Chocolate Cake,DESSERT,0,2,0,2,0,0,0,0,2,2,0,2,0,2,2,https://storage.googleapis.com/glide-prod.appspot.com/uploads-v2/8qfuvNZ74kdpLjkxRDfw/pub/2fyuVBgVcZmB5hfGgJEO.png
Creme Brulee,DESSERT,0,2,0,2,0,0,0,0,0,0,0,0,0,2,2,https://storage.googleapis.com/glide-prod.appspot.com/uploads-v2/8qfuvNZ74kdpLjkxRDfw/pub/0NjkoyromtiVBJL0GEb3.png
Mini Creme Brulee,DESSERT,0,2,0,2,0,0,0,0,0,0,0,0,0,2,2,https://storage.googleapis.com/glide-prod.appspot.com/uploads-v2/8qfuvNZ74kdpLjkxRDfw/pub/fmqdS98COOpbnkB0M0K6.png
Lemon Tart,DESSERT,0,2,0,2,0,0,0,0,0,2,0,2,0,2,2,https://storage.googleapis.com/glide-prod.appspot.com/uploads-v2/8qfuvNZ74kdpLjkxRDfw/pub/Uor0GiYOhCTYbFpPtFtP.png
Billy Miner Pie with Baileys,DESSERT,0,0,0,2,0,0,0,0,2,0,2,2,2,2,2,https://storage.googleapis.com/glide-prod.appspot.com/uploads-v2/8qfuvNZ74kdpLjkxRDfw/pub/fz3DA67EoLYkoLSymxLM.png